model,MAE,RMSE,R2
Baseline,2.6354046881910658,2.767414770889623,-9.737939451471332
Linear Regression,0.726531810574286,0.84292399657035,0.003793716385625312
